,title,year,rating,genre,movie_length,votes
0,Spider-Man: No Way Home,(2021),8.7,"Action, Adventure, Fantasy",148 min,"472,999"
1,Licorice Pizza,(2021),7.7,"Comedy, Drama, Romance",133 min,"37,621"
2,Dune,(2021),8.1,"Action, Adventure, Drama",155 min,"494,041"
3,CODA,(2021),8.1,"Comedy, Drama, Music",111 min,"52,685"
4,Kingsman: The Secret Service,(2014),7.7,"Action, Adventure, Comedy",129 min,"640,225"
5,West Side Story,(2021),7.8,"Crime, Drama, Musical",156 min,"30,835"
6,Ghostbusters,(1984),7.8,"Action, Comedy, Fantasy",105 min,"400,219"
7,The Shawshank Redemption,(1994),9.3,Drama,142 min,"2,549,612"
8,The Dark Knight,(2008),9.0,"Action, Crime, Drama",152 min,"2,500,137"
9,Jurassic Park,(1993),8.1,"Action, Adventure, Sci-Fi",127 min,"934,287"
10,Avengers: Endgame,(2019),8.4,"Action, Adventure, Drama",181 min,"1,017,178"
11,Interstellar,(2014),8.6,"Adventure, Drama, Sci-Fi",169 min,"1,694,641"
12,Once Upon a Time... In Hollywood,(2019),7.6,"Comedy, Drama",161 min,"672,283"
13,The Lord of the Rings: The Fellowship of the Ring,(2001),8.8,"Action, Adventure, Drama",178 min,"1,779,149"
14,The Godfather,(1972),9.2,"Crime, Drama",175 min,"1,753,613"
15,The Gentlemen,(2019),7.8,"Action, Comedy, Crime",113 min,"304,964"
16,Knives Out,(2019),7.9,"Comedy, Crime, Drama",130 min,"574,325"
17,Titanic,(1997),7.8,"Drama, Romance",194 min,"1,122,252"
18,The Wolf of Wall Street,(2013),8.2,"Biography, Comedy, Crime",180 min,"1,317,923"
19,Stand by Me,(1986),8.1,"Adventure, Drama",89 min,"388,807"
20,Harry Potter and the Sorcerer's Stone,(2001),7.6,"Adventure, Family, Fantasy",152 min,"742,337"
21,Fight Club,(1999),8.8,Drama,139 min,"2,007,181"
22,Tombstone,(1993),7.8,"Action, Biography, Drama",130 min,"141,457"
23,Parasite,(2019),8.6,"Comedy, Drama, Thriller",132 min,"720,504"
24,Get Out,(I) (2017),7.7,"Horror, Mystery, Thriller",104 min,"551,161"
25,Avengers: Infinity War,(2018),8.4,"Action, Adventure, Sci-Fi",149 min,"984,412"
26,Heat,(1995),8.2,"Action, Crime, Drama",170 min,"626,223"
27,Joker,(I) (2019),8.4,"Crime, Drama, Thriller",122 min,"1,148,631"
28,The Notebook,(2004),7.8,"Drama, Romance",123 min,"553,114"
29,Pulp Fiction,(1994),8.9,"Crime, Drama",154 min,"1,960,589"
30,The Matrix,(1999),8.7,"Action, Sci-Fi",136 min,"1,838,894"
31,Deadpool,(2016),8.0,"Action, Adventure, Comedy",108 min,"981,165"
32,Inception,(2010),8.8,"Action, Adventure, Sci-Fi",148 min,"2,239,065"
33,Wind River,(2017),7.7,"Crime, Drama, Mystery",107 min,"238,575"
34,Inglourious Basterds,(2009),8.3,"Adventure, Drama, War",153 min,"1,375,115"
35,Zack Snyder's Justice League,(2021),8.1,"Action, Adventure, Fantasy",242 min,"361,002"
36,Blade Runner 2049,(2017),8.0,"Action, Drama, Mystery",164 min,"529,308"
37,Forrest Gump,(1994),8.8,"Drama, Romance",142 min,"1,967,528"
38,Avatar,(2009),7.8,"Action, Adventure, Fantasy",162 min,"1,181,053"
39,Schindler's List,(1993),8.9,"Biography, Drama, History",195 min,"1,301,207"
40,Warrior,(2011),8.1,"Action, Drama, Sport",140 min,"459,046"
41,Pride & Prejudice,(2005),7.8,"Drama, Romance",129 min,"283,317"
42,Requiem for a Dream,(2000),8.3,Drama,102 min,"812,551"
43,Prisoners,(2013),8.1,"Crime, Drama, Mystery",153 min,"665,846"
44,Gone Girl,(2014),8.1,"Drama, Mystery, Thriller",149 min,"938,391"
45,American Psycho,(2000),7.6,"Crime, Drama, Horror",101 min,"550,942"
46,The Dark Knight Rises,(2012),8.4,"Action, Crime, Drama",164 min,"1,620,550"
47,Spider-Man: Into the Spider-Verse,(2018),8.4,"Animation, Action, Adventure",117 min,"472,516"
48,Gladiator,(2000),8.5,"Action, Adventure, Drama",155 min,"1,437,406"
49,Batman Begins,(2005),8.2,"Action, Crime, Drama",140 min,"1,395,321"
50,The Hangover,(2009),7.7,Comedy,100 min,"759,709"
51,Watchmen,(2009),7.6,"Action, Drama, Mystery",162 min,"535,296"
52,1917,(2019),8.3,"Action, Drama, War",119 min,"533,822"
53,Whiplash,(2014),8.5,"Drama, Music",106 min,"793,585"
54,The Lord of the Rings: The Return of the King,(2003),8.9,"Action, Adventure, Drama",201 min,"1,757,293"
55,Star Wars,(1977),8.6,"Action, Adventure, Fantasy",121 min,"1,307,324"
56,The Silence of the Lambs,(1991),8.6,"Crime, Drama, Thriller",118 min,"1,369,131"
57,The Big Short,(2015),7.8,"Biography, Comedy, Drama",130 min,"409,335"
58,Django Unchained,(2012),8.4,"Drama, Western",165 min,"1,473,493"
59,Taxi Driver,(1976),8.2,"Crime, Drama",114 min,"784,885"
60,Little Women,(2019),7.8,"Drama, Romance",135 min,"184,929"
61,Guardians of the Galaxy,(2014),8.0,"Action, Adventure, Comedy",121 min,"1,125,900"
62,The Mitchells vs the Machines,(2021),7.7,"Animation, Adventure, Comedy",113 min,"91,775"
63,The Princess Bride,(1987),8.1,"Adventure, Family, Fantasy",98 min,"417,925"
64,Se7en,(1995),8.6,"Crime, Drama, Mystery",127 min,"1,563,349"
65,The Hobbit: An Unexpected Journey,(2012),7.8,"Adventure, Fantasy",169 min,"797,545"
66,Goodfellas,(1990),8.7,"Biography, Crime, Drama",146 min,"1,101,679"
67,Sicario,(2015),7.6,"Action, Crime, Drama",121 min,"410,375"
68,The Prestige,(2006),8.5,"Drama, Mystery, Thriller",130 min,"1,278,878"
69,The Father,(I) (2020),8.3,"Drama, Mystery",97 min,"125,940"
70,The Grand Budapest Hotel,(2014),8.1,"Adventure, Comedy, Crime",99 min,"770,856"
71,The Departed,(2006),8.5,"Crime, Drama, Thriller",151 min,"1,271,727"
72,300,(2006),7.6,"Action, Drama",117 min,"775,086"
73,Shutter Island,(2010),8.2,"Mystery, Thriller",138 min,"1,239,035"
74,Call Me by Your Name,(2017),7.9,"Drama, Romance",132 min,"251,602"
75,Hacksaw Ridge,(2016),8.1,"Biography, Drama, History",139 min,"491,297"
76,Saving Private Ryan,(1998),8.6,"Drama, War",169 min,"1,329,827"
77,Mad Max: Fury Road,(2015),8.1,"Action, Adventure, Sci-Fi",120 min,"955,565"
78,The Green Mile,(1999),8.6,"Crime, Drama, Fantasy",189 min,"1,240,177"
79,Léon: The Professional,(1994),8.5,"Action, Crime, Drama",110 min,"1,113,407"
80,Deadpool 2,(2018),7.7,"Action, Adventure, Comedy",119 min,"542,539"
81,Back to the Future,(1985),8.5,"Adventure, Comedy, Sci-Fi",116 min,"1,145,648"
82,American Beauty,(1999),8.3,Drama,122 min,"1,123,477"
83,No Country for Old Men,(2007),8.1,"Crime, Drama, Thriller",122 min,"929,096"
84,Jojo Rabbit,(2019),7.9,"Comedy, Drama, War",108 min,"359,489"
85,There Will Be Blood,(2007),8.2,Drama,158 min,"561,842"
86,Bohemian Rhapsody,(2018),7.9,"Biography, Drama, Music",134 min,"507,839"
87,Harry Potter and the Goblet of Fire,(2005),7.7,"Adventure, Family, Fantasy",157 min,"599,573"
88,Pirates of the Caribbean: The Curse of the Black Pearl,(2003),8.0,"Action, Adventure, Fantasy",143 min,"1,064,031"
89,Thor: Ragnarok,(2017),7.9,"Action, Adventure, Comedy",130 min,"682,014"
90,12 Angry Men,(1957),9.0,"Crime, Drama",96 min,"753,472"
91,Eternal Sunshine of the Spotless Mind,(2004),8.3,"Drama, Romance, Sci-Fi",108 min,"969,759"
92,Moana,(I) (2016),7.6,"Animation, Adventure, Comedy",107 min,"313,432"
93,Donnie Darko,(2001),8.0,"Drama, Mystery, Sci-Fi",113 min,"776,993"
94,Good Will Hunting,(1997),8.3,"Drama, Romance",126 min,"926,140"
95,The Goonies,(1985),7.8,"Adventure, Comedy, Family",114 min,"262,355"
96,Apocalypse Now,(1979),8.4,"Drama, Mystery, War",147 min,"644,354"
97,Braveheart,(1995),8.3,"Biography, Drama, History",178 min,"1,008,138"
98,Blade Runner,(1982),8.1,"Action, Drama, Sci-Fi",117 min,"741,169"
99,The Lord of the Rings: The Two Towers,(2002),8.7,"Action, Adventure, Drama",179 min,"1,587,710"
100,Hamilton,(2020),8.4,"Biography, Drama, History",160 min,"83,333"
101,Harry Potter and the Prisoner of Azkaban,(2004),7.9,"Adventure, Family, Fantasy",142 min,"606,122"
102,The Girl with the Dragon Tattoo,(2011),7.8,"Crime, Drama, Mystery",158 min,"451,399"
103,Star Wars: Episode VII - The Force Awakens,(2015),7.8,"Action, Adventure, Sci-Fi",138 min,"901,533"
104,Alien,(1979),8.4,"Horror, Sci-Fi",117 min,"844,171"
105,Come and See,(1985),8.3,"Drama, Thriller, War",142 min,"72,504"
106,Straight Outta Compton,(2015),7.8,"Biography, Drama, History",147 min,"194,518"
107,The Social Network,(2010),7.7,"Biography, Drama",120 min,"675,180"
108,Green Book,(2018),8.2,"Biography, Comedy, Drama",130 min,"452,292"
109,The Avengers,(2012),8.0,"Action, Adventure, Sci-Fi",143 min,"1,340,406"
110,Scarface,(1983),8.3,"Crime, Drama",170 min,"800,609"
111,Logan,(2017),8.1,"Action, Drama, Sci-Fi",137 min,"715,211"
112,Iron Man,(2008),7.9,"Action, Adventure, Sci-Fi",126 min,"1,014,441"
113,The Hunt,(2012),8.3,Drama,115 min,"314,935"
114,The Fifth Element,(1997),7.7,"Action, Adventure, Sci-Fi",126 min,"459,105"
115,The Usual Suspects,(1995),8.5,"Crime, Drama, Mystery",106 min,"1,051,256"
116,Harry Potter and the Deathly Hallows: Part 2,(2011),8.1,"Adventure, Fantasy, Mystery",130 min,"833,478"
117,Hell or High Water,(II) (2016),7.6,"Action, Crime, Drama",102 min,"222,192"
118,Train to Busan,(2016),7.6,"Action, Horror, Thriller",118 min,"204,228"
119,The Revenant,(2015),8.0,"Action, Adventure, Drama",156 min,"768,004"
120,Rogue One: A Star Wars Story,(2016),7.8,"Action, Adventure, Sci-Fi",133 min,"597,560"
121,Terminator 2: Judgment Day,(1991),8.5,"Action, Sci-Fi",137 min,"1,057,438"
122,The Martian,(2015),8.0,"Adventure, Drama, Sci-Fi",144 min,"818,506"
123,The Irishman,(2019),7.8,"Biography, Crime, Drama",209 min,"365,703"
124,Star Wars: Episode VI - Return of the Jedi,(1983),8.3,"Action, Adventure, Fantasy",131 min,"1,010,221"
125,The Big Lebowski,(1998),8.1,"Comedy, Crime",117 min,"783,200"
126,Black Hawk Down,(2001),7.7,"Action, Drama, History",144 min,"385,470"
127,Dunkirk,(2017),7.8,"Action, Drama, History",106 min,"620,038"
128,The Godfather: Part II,(1974),9.0,"Crime, Drama",202 min,"1,216,071"
129,Harry Potter and the Deathly Hallows: Part 1,(2010),7.7,"Adventure, Family, Fantasy",146 min,"523,746"
130,About Time,(I) (2013),7.8,"Comedy, Drama, Fantasy",123 min,"332,576"
131,La La Land,(2016),8.0,"Comedy, Drama, Music",128 min,"557,194"
132,The Sixth Sense,(1999),8.1,"Drama, Mystery, Thriller",107 min,"960,123"
133,Aliens,(1986),8.3,"Action, Adventure, Sci-Fi",137 min,"693,267"
134,Guardians of the Galaxy Vol. 2,(2017),7.6,"Action, Adventure, Comedy",136 min,"638,222"
135,Despicable Me,(2010),7.6,"Animation, Adventure, Comedy",95 min,"528,122"
136,The Perks of Being a Wallflower,(2012),7.9,"Drama, Romance",103 min,"493,020"
137,One Flew Over the Cuckoo's Nest,(1975),8.7,Drama,133 min,"974,178"
138,Casablanca,(1942),8.5,"Drama, Romance, War",102 min,"554,536"
139,Black Swan,(2010),8.0,"Drama, Thriller",108 min,"739,157"
140,The Imitation Game,(2014),8.0,"Biography, Drama, Thriller",114 min,"738,887"
141,"The Good, the Bad and the Ugly",(1966),8.8,"Adventure, Western",178 min,"735,337"
142,Oldboy,(2003),8.4,"Action, Drama, Mystery",120 min,"555,660"
143,Brokeback Mountain,(2005),7.7,"Drama, Romance",134 min,"346,459"
144,Boogie Nights,(1997),7.9,Drama,155 min,"256,682"
145,Captain America: Civil War,(2016),7.8,"Action, Adventure, Sci-Fi",147 min,"740,492"
146,Catch Me If You Can,(2002),8.1,"Biography, Crime, Drama",141 min,"923,153"
147,Memento,(2000),8.4,"Mystery, Thriller",113 min,"1,195,347"
148,Spirited Away,(2001),8.6,"Animation, Adventure, Family",125 min,"720,114"
149,Star Wars: Episode V - The Empire Strikes Back,(1980),8.7,"Action, Adventure, Fantasy",124 min,"1,235,842"
150,Stardust,(2007),7.6,"Adventure, Family, Fantasy",127 min,"267,466"
151,The Shining,(1980),8.4,"Drama, Horror",146 min,"972,467"
152,Once Upon a Time in America,(1984),8.3,"Crime, Drama",229 min,"338,785"
153,Almost Famous,(2000),7.9,"Adventure, Comedy, Drama",122 min,"270,042"
154,Another Round,(2020),7.7,"Comedy, Drama",117 min,"135,302"
155,Drive,(I) (2011),7.8,"Action, Drama",100 min,"610,460"
156,Serenity,(2005),7.8,"Action, Adventure, Sci-Fi",119 min,"292,437"
157,Ex Machina,(2014),7.7,"Drama, Sci-Fi, Thriller",108 min,"518,580"
158,The Terminator,(1984),8.0,"Action, Sci-Fi",107 min,"833,042"
159,Arrival,(II) (2016),7.9,"Drama, Sci-Fi",116 min,"661,125"
160,Her,(2013),8.0,"Drama, Romance, Sci-Fi",126 min,"583,587"
161,Dazed and Confused,(1993),7.6,Comedy,102 min,"177,884"
162,Into the Wild,(2007),8.1,"Adventure, Biography, Drama",148 min,"606,914"
163,True Romance,(1993),7.9,"Crime, Drama, Romance",119 min,"221,175"
164,The Hateful Eight,(2015),7.8,"Crime, Drama, Mystery",168 min,"570,462"
165,Coco,(I) (2017),8.4,"Animation, Adventure, Comedy",105 min,"463,948"
166,Blue Is the Warmest Colour,(2013),7.7,"Drama, Romance",180 min,"147,987"
167,The Lion King,(1994),8.5,"Animation, Adventure, Drama",88 min,"1,011,396"
168,The Pianist,(2002),8.5,"Biography, Drama, Music",150 min,"795,001"
169,Midnight in Paris,(2011),7.7,"Comedy, Fantasy, Romance",94 min,"412,140"
170,The Great Escape,(1963),8.2,"Adventure, Drama, History",172 min,"238,803"
171,A Clockwork Orange,(1971),8.3,"Crime, Sci-Fi",136 min,"802,341"
172,Pan's Labyrinth,(2006),8.2,"Drama, Fantasy, War",118 min,"650,719"
173,Casino,(1995),8.2,"Crime, Drama",178 min,"500,456"
174,Zootopia,(2016),8.0,"Animation, Adventure, Comedy",108 min,"474,335"
175,The Fugitive,(1993),7.8,"Action, Crime, Drama",130 min,"285,672"
176,The Breakfast Club,(1985),7.8,"Comedy, Drama",97 min,"381,345"
177,Jai Bhim,(2021),9.3,"Crime, Drama, Mystery",164 min,"175,465"
178,Casino Royale,(2006),8.0,"Action, Adventure, Thriller",144 min,"638,707"
179,The Exorcist,(1973),8.0,Horror,122 min,"385,916"
180,Moneyball,(2011),7.6,"Biography, Drama, Sport",133 min,"405,283"
181,12 Years a Slave,(2013),8.1,"Biography, Drama, History",134 min,"679,119"
182,Star Trek,(2009),7.9,"Action, Adventure, Sci-Fi",127 min,"595,590"
183,Amélie,(2001),8.3,"Comedy, Romance",122 min,"737,493"
184,The Hobbit: The Desolation of Smaug,(2013),7.8,"Adventure, Fantasy",161 min,"637,214"
185,Soul,(2020),8.1,"Animation, Adventure, Comedy",100 min,"300,342"
186,Demon Slayer the Movie: Mugen Train,(2020),8.3,"Animation, Action, Adventure",117 min,"48,941"
187,Snatch,(2000),8.2,"Comedy, Crime",102 min,"829,115"
188,Silver Linings Playbook,(2012),7.7,"Comedy, Drama, Romance",122 min,"693,493"
189,City of God,(2002),8.6,"Crime, Drama",130 min,"735,358"
190,Fargo,(1996),8.1,"Crime, Thriller",98 min,"657,774"
191,Harry Potter and the Half-Blood Prince,(2009),7.6,"Action, Adventure, Family",153 min,"520,613"
192,The Truman Show,(1998),8.1,"Comedy, Drama",103 min,"1,020,740"
193,X: First Class,(2011),7.7,"Action, Adventure, Sci-Fi",131 min,"674,184"
194,Little Miss Sunshine,(2006),7.8,"Comedy, Drama",101 min,"463,989"
195,The Curious Case of Benjamin Button,(2008),7.8,"Drama, Fantasy, Romance",166 min,"628,790"
196,The Deer Hunter,(1978),8.1,"Drama, War",183 min,"330,859"
197,A Star Is Born,(2018),7.6,"Drama, Music, Romance",136 min,"368,350"
198,Hidden Figures,(2016),7.9,"Biography, Drama, History",127 min,"219,170"
199,"Three Billboards Outside Ebbing, Missouri",(2017),8.1,"Comedy, Crime, Drama",115 min,"483,028"
200,Predator,(1987),7.8,"Action, Adventure, Horror",107 min,"396,018"
201,Indiana Jones and the Raiders of the Lost Ark,(1981),8.4,"Action, Adventure",115 min,"935,383"
202,E.T. the Extra-Terrestrial,(1982),7.8,"Adventure, Family, Sci-Fi",115 min,"395,364"
203,Office Space,(1999),7.7,Comedy,89 min,"257,689"
204,The Handmaiden,(2016),8.1,"Drama, Romance, Thriller",145 min,"135,123"
205,Atonement,(2007),7.8,"Drama, Mystery, Romance",123 min,"269,561"
206,Jaws,(1975),8.0,"Adventure, Thriller",124 min,"574,739"
207,Home Alone,(1990),7.6,"Comedy, Family",103 min,"548,182"
208,Breakfast at Tiffany's,(1961),7.6,"Comedy, Drama, Romance",115 min,"175,906"
209,Reservoir Dogs,(1992),8.3,"Crime, Drama, Thriller",99 min,"980,325"
210,Nightcrawler,(2014),7.8,"Crime, Drama, Thriller",117 min,"513,936"
211,The Help,(2011),8.0,Drama,146 min,"445,323"
212,Life Is Beautiful,(1997),8.6,"Comedy, Drama, Romance",116 min,"669,388"
213,True Grit,(2010),7.6,"Drama, Western",110 min,"331,130"
214,Mulholland Drive,(2001),7.9,"Drama, Mystery, Thriller",147 min,"345,050"
215,Groundhog Day,(1993),8.0,"Comedy, Drama, Fantasy",101 min,"607,403"
216,Mission: Impossible - Fallout,(2018),7.7,"Action, Adventure, Thriller",147 min,"317,180"
217,Blood Diamond,(2006),8.0,"Adventure, Drama, Thriller",143 min,"531,663"
218,L.A. Confidential,(1997),8.2,"Crime, Drama, Mystery",138 min,"565,720"
219,2001: A Space Odyssey,(1968),8.3,"Adventure, Sci-Fi",149 min,"644,905"
220,Skyfall,(2012),7.8,"Action, Adventure, Thriller",143 min,"679,832"
221,Kill Bill: Vol. 1,(2003),8.1,"Action, Crime, Drama",111 min,"1,072,258"
222,Captain America: The Winter Soldier,(2014),7.7,"Action, Adventure, Sci-Fi",136 min,"804,783"
223,The Intouchables,(2011),8.5,"Biography, Comedy, Drama",112 min,"821,137"
224,The Wizard of Oz,(1939),8.0,"Adventure, Family, Fantasy",102 min,"385,490"
225,Airplane!,(1980),7.7,Comedy,88 min,"230,705"
226,Ferris Bueller's Day Off,(1986),7.8,Comedy,103 min,"344,451"
227,Trainspotting,(1996),8.1,Drama,93 min,"668,204"
228,Ratatouille,(2007),8.0,"Animation, Adventure, Comedy",111 min,"687,983"
229,Hot Fuzz,(2007),7.8,"Action, Comedy, Mystery",121 min,"491,632"
230,Full Metal Jacket,(1987),8.3,"Drama, War",116 min,"716,557"
231,Ford v Ferrari,(2019),8.1,"Action, Biography, Drama",152 min,"356,581"
232,Zodiac,(2007),7.7,"Crime, Drama, Mystery",157 min,"515,009"
233,500 Days of Summer,(2009),7.6,"Comedy, Drama, Romance",95 min,"498,117"
234,Moonrise Kingdom,(2012),7.8,"Comedy, Drama, Romance",94 min,"340,648"
235,Remember the Titans,(2000),7.8,"Biography, Drama, Sport",113 min,"209,547"
236,Donnie Brasco,(1997),7.7,"Biography, Crime, Drama",127 min,"297,286"
237,The Sandlot,(1993),7.8,"Comedy, Drama, Family",101 min,"87,583"
238,Road to Perdition,(2002),7.7,"Crime, Drama, Thriller",117 min,"261,516"
239,American History X,(1998),8.5,Drama,119 min,"1,087,385"
240,Dark Waters,(2019),7.6,"Biography, Drama, History",126 min,"81,456"
241,Toy Story,(1995),8.3,"Animation, Adventure, Comedy",81 min,"951,810"
242,Dead Poets Society,(1989),8.1,"Comedy, Drama",128 min,"464,600"
243,X-Men: Days of Future Past,(2014),7.9,"Action, Adventure, Sci-Fi",132 min,"691,724"
244,The Last Samurai,(2003),7.7,"Action, Drama",154 min,"424,661"
245,Die Hard,(1988),8.2,"Action, Thriller",132 min,"849,804"
246,Marriage Story,(2019),7.9,"Drama, Romance",137 min,"288,503"
247,A Beautiful Mind,(2001),8.2,"Biography, Drama",135 min,"901,147"
248,Wonder,(I) (2017),8.0,"Drama, Family",113 min,"158,122"
249,Up,(2009),8.2,"Animation, Adventure, Comedy",96 min,"1,001,915"
250,3:10 to Yuma,(2007),7.7,"Action, Crime, Drama",122 min,"303,516"
251,Your Name.,(2016),8.4,"Animation, Drama, Fantasy",106 min,"242,407"
252,Psycho,(1960),8.5,"Horror, Mystery, Thriller",109 min,"646,512"
253,Ocean's Eleven,(2001),7.7,"Crime, Thriller",116 min,"552,216"
254,Inside Man,(2006),7.6,"Crime, Drama, Mystery",129 min,"362,653"
255,Inside Out,(I) (2015),8.1,"Animation, Adventure, Comedy",95 min,"676,990"
256,Gone with the Wind,(1939),8.1,"Drama, History, Romance",238 min,"307,436"
257,V for Vendetta,(2005),8.1,"Action, Drama, Sci-Fi",132 min,"1,089,322"
258,Fantastic Mr. Fox,(2009),7.9,"Animation, Adventure, Comedy",87 min,"221,402"
259,Apocalypto,(2006),7.8,"Action, Adventure, Drama",139 min,"305,301"
260,Room,(I) (2015),8.1,"Drama, Thriller",118 min,"403,889"
261,Planet of the Apes,(1968),8.0,"Adventure, Sci-Fi",112 min,"175,709"
262,Downfall,(2004),8.2,"Biography, Drama, History",156 min,"347,526"
263,Tangled,(2010),7.7,"Animation, Adventure, Comedy",100 min,"434,882"
264,Amadeus,(1984),8.3,"Biography, Drama, Music",160 min,"390,107"
265,Howl's Moving Castle,(2004),8.2,"Animation, Adventure, Family",119 min,"372,375"
266,Incendies,(2010),8.3,"Drama, Mystery, War",131 min,"169,487"
267,The Butterfly Effect,(2004),7.6,"Drama, Sci-Fi, Thriller",113 min,"476,171"
268,Sin City,(2005),8.0,"Crime, Thriller",124 min,"756,848"
269,The Incredibles,(2004),8.0,"Animation, Action, Adventure",115 min,"696,696"
270,Before Sunrise,(1995),8.1,"Drama, Romance",101 min,"294,917"
271,Rocky,(1976),8.1,"Drama, Sport",120 min,"553,572"
272,In the Mood for Love,(2000),8.1,"Drama, Romance",98 min,"142,852"
273,Gran Torino,(2008),8.1,Drama,116 min,"755,751"
274,Spotlight,(I) (2015),8.1,"Biography, Crime, Drama",129 min,"454,282"
275,Edge of Tomorrow,(2014),7.9,"Action, Adventure, Sci-Fi",113 min,"648,577"
276,The Blind Side,(2009),7.6,"Biography, Drama, Sport",129 min,"318,587"
277,Dances with Wolves,(1990),8.0,"Adventure, Drama, Western",181 min,"255,946"
278,Shrek,(2001),7.9,"Animation, Adventure, Comedy",90 min,"652,206"
279,The Thing,(1982),8.1,"Horror, Mystery, Sci-Fi",109 min,"404,461"
280,Indiana Jones and the Last Crusade,(1989),8.2,"Action, Adventure",127 min,"731,722"
281,Unforgiven,(1992),8.2,"Drama, Western",130 min,"400,200"
282,Willy Wonka & the Chocolate Factory,(1971),7.8,"Family, Fantasy, Musical",100 min,"194,374"
283,Star Trek Into Darkness,(2013),7.7,"Action, Adventure, Sci-Fi",132 min,"477,212"
284,Man on Fire,(2004),7.7,"Action, Crime, Drama",146 min,"353,149"
285,A Bronx Tale,(1993),7.8,"Crime, Drama",121 min,"137,078"
286,The Sound of Music,(1965),8.0,"Biography, Drama, Family",172 min,"222,264"
287,Platoon,(1986),8.1,"Drama, War",120 min,"402,931"
288,Training Day,(2001),7.7,"Adventure, Crime, Drama",122 min,"419,428"
289,"Lock, Stock and Two Smoking Barrels",(1998),8.2,"Action, Comedy, Crime",107 min,"566,472"
290,Midnight Cowboy,(1969),7.8,Drama,113 min,"108,559"
291,Finding Nemo,(2003),8.1,"Animation, Adventure, Comedy",100 min,"1,006,506"
292,WALL·E,(2008),8.4,"Animation, Adventure, Family",98 min,"1,070,721"
293,The Royal Tenenbaums,(2001),7.6,"Comedy, Drama",110 min,"284,621"
294,Some Like It Hot,(1959),8.2,"Comedy, Music, Romance",121 min,"259,790"
295,The Bourne Identity,(2002),7.9,"Action, Mystery, Thriller",119 min,"534,323"
296,Cast Away,(2000),7.8,"Adventure, Drama, Romance",143 min,"569,567"
297,Rush,(I) (2013),8.1,"Action, Biography, Drama",123 min,"463,544"
298,The Trial of the Chicago 7,(2020),7.8,"Drama, History, Thriller",129 min,"167,845"
299,Magnolia,(1999),8.0,Drama,188 min,"305,586"
300,To Have and Have Not,(1944),7.8,"Adventure, Comedy, Film-Noir",100 min,"33,845"
301,Big Fish,(2003),8.0,"Adventure, Drama, Fantasy",125 min,"433,173"
302,The Fault in Our Stars,(2014),7.7,"Drama, Romance",126 min,"365,390"
303,My Cousin Vinny,(1992),7.6,"Comedy, Crime",120 min,"119,682"
304,Rain Man,(1988),8.0,Drama,133 min,"498,926"
305,The Game,(1997),7.7,"Drama, Mystery, Thriller",129 min,"379,030"
306,The Bridge on the River Kwai,(1957),8.1,"Adventure, Drama, War",161 min,"215,294"
307,Argo,(2012),7.7,"Biography, Drama, Thriller",120 min,"600,576"
308,Grave of the Fireflies,(1988),8.5,"Animation, Drama, War",89 min,"262,271"
309,What We Do in the Shadows,(2014),7.7,"Comedy, Horror",86 min,"175,129"
310,Birdman or (The Unexpected Virtue of Ignorance),(2014),7.7,"Comedy, Drama",119 min,"612,755"
311,Capernaum,(2018),8.4,Drama,126 min,"82,276"
312,Toy Story 4,(2019),7.7,"Animation, Adventure, Comedy",100 min,"233,538"
313,When Harry Met Sally...,(1989),7.6,"Comedy, Drama, Romance",95 min,"211,080"
314,Portrait of a Lady on Fire,(2019),8.1,"Drama, Romance",122 min,"83,620"
315,Lost in Translation,(2003),7.7,"Comedy, Drama",102 min,"441,309"
316,Children of Men,(2006),7.9,"Action, Drama, Sci-Fi",109 min,"488,514"
317,Memories of Murder,(2003),8.1,"Crime, Drama, Mystery",132 min,"168,414"
318,Crash,(I) (2004),7.7,"Crime, Drama, Thriller",112 min,"431,219"
319,The Fighter,(I) (2010),7.8,"Action, Biography, Drama",116 min,"357,156"
320,Captain Fantastic,(2016),7.9,"Comedy, Drama",118 min,"211,342"
321,Taken,(I) (2008),7.8,"Action, Crime, Thriller",90 min,"589,480"
322,Saw,(2004),7.6,"Horror, Mystery, Thriller",103 min,"406,458"
323,The Lives of Others,(2006),8.4,"Drama, Mystery, Thriller",137 min,"380,122"
324,Shaun of the Dead,(2004),7.9,"Comedy, Horror",99 min,"541,655"
325,The Conversation,(1974),7.8,"Drama, Mystery, Thriller",113 min,"108,536"
326,The Pursuit of Happyness,(2006),8.0,"Biography, Drama",117 min,"488,858"
327,Minority Report,(2002),7.6,"Action, Crime, Mystery",145 min,"536,228"
328,A Few Good Men,(1992),7.7,"Drama, Thriller",138 min,"253,315"
329,American Gangster,(2007),7.8,"Biography, Crime, Drama",157 min,"415,504"
330,The Florida Project,(2017),7.6,Drama,111 min,"108,586"
331,Big Hero 6,(2014),7.8,"Animation, Action, Adventure",102 min,"442,099"
332,"Monsters, Inc.",(2001),8.1,"Animation, Adventure, Comedy",92 min,"872,823"
333,Boyz n the Hood,(1991),7.8,"Crime, Drama",112 min,"136,336"
334,Mystic River,(2003),7.9,"Crime, Drama, Mystery",138 min,"445,530"
335,Dallas Buyers Club,(2013),8.0,"Biography, Drama",117 min,"472,771"
336,Laura,(1944),8.0,"Drama, Film-Noir, Mystery",88 min,"46,321"
337,Manchester by the Sea,(2016),7.8,Drama,137 min,"269,843"
338,Red River,(1948),7.8,"Drama, Western",133 min,"30,568"
339,The Last of the Mohicans,(1992),7.7,"Action, Adventure, Drama",112 min,"164,064"
340,The Boy in the Striped Pajamas,(2008),7.8,"Drama, History, War",94 min,"209,515"
341,As Good as It Gets,(1997),7.7,"Comedy, Drama, Romance",139 min,"292,547"
342,Vertigo,(1958),8.3,"Mystery, Romance, Thriller",128 min,"390,951"
343,The Bourne Ultimatum,(2007),8.0,"Action, Mystery, Thriller",115 min,"624,233"
344,Kramer vs. Kramer,(1979),7.8,Drama,105 min,"141,918"
345,How to Train Your Dragon,(2010),8.1,"Animation, Action, Adventure",98 min,"711,107"
346,Halloween,(1978),7.7,"Horror, Thriller",91 min,"263,092"
347,The Machinist,(2004),7.7,"Drama, Thriller",101 min,"378,452"
348,The Last Picture Show,(1971),8.0,"Drama, Romance",118 min,"46,922"
349,Philadelphia,(1993),7.7,Drama,125 min,"236,445"
350,12 Monkeys,(1995),8.0,"Mystery, Sci-Fi, Thriller",129 min,"604,683"
351,Misery,(1990),7.8,"Drama, Thriller",107 min,"200,937"
352,3 Idiots,(2009),8.4,"Comedy, Drama",170 min,"379,304"
353,Rear Window,(1954),8.5,"Mystery, Thriller",112 min,"476,098"
354,Blazing Saddles,(1974),7.7,"Comedy, Western",93 min,"135,068"
355,Just Mercy,(2019),7.6,"Biography, Crime, Drama",137 min,"62,635"
356,Gravity,(2013),7.7,"Action, Drama, Sci-Fi",91 min,"806,084"
357,Aladdin,(1992),8.0,"Animation, Adventure, Comedy",90 min,"395,345"
358,The King's Speech,(2010),8.0,"Biography, Drama, History",118 min,"666,495"
359,Mulan,(1998),7.7,"Animation, Adventure, Comedy",88 min,"276,278"
360,Beauty and the Beast,(1991),8.0,"Animation, Family, Fantasy",84 min,"435,505"
361,Once Upon a Time in the West,(1968),8.5,Western,165 min,"320,650"
362,The Untouchables,(1987),7.9,"Crime, Drama, Thriller",119 min,"300,524"
363,Lion,(2016),8.0,"Biography, Drama",118 min,"229,994"
364,Hachi: A Dog's Tale,(2009),8.1,"Biography, Drama, Family",93 min,"274,211"
365,The Invisible Guest,(2016),8.1,"Crime, Drama, Mystery",106 min,"167,707"
366,"O Brother, Where Art Thou?",(2000),7.7,"Adventure, Comedy, Crime",107 min,"303,426"
367,Deliverance,(1972),7.7,"Adventure, Drama, Thriller",109 min,"105,700"
368,Walk the Line,(2005),7.8,"Biography, Drama, Music",136 min,"245,456"
369,Sound of Metal,(2019),7.8,"Drama, Music",120 min,"115,710"
370,Gifted,(2017),7.6,Drama,101 min,"111,642"
371,It's a Wonderful Life,(1946),8.6,"Comedy, Drama, Family",130 min,"440,456"
372,Dr. Strangelove or: How I Learned to Stop Worrying and Love the Bomb,(1964),8.4,"Comedy, War",95 min,"475,963"
373,Citizen Kane,(1941),8.3,"Drama, Mystery",119 min,"430,784"
374,Moon,(2009),7.8,"Drama, Mystery, Sci-Fi",97 min,"351,191"
375,District 9,(2009),7.9,"Action, Sci-Fi, Thriller",112 min,"665,700"
376,The Skin I Live In,(2011),7.6,"Drama, Horror, Thriller",120 min,"148,680"
377,Young Frankenstein,(1974),8.0,Comedy,106 min,"154,383"
378,The Graduate,(1967),8.0,"Comedy, Drama, Romance",106 min,"267,261"
379,Chinatown,(1974),8.2,"Drama, Mystery, Thriller",130 min,"316,261"
380,Seven Samurai,(1954),8.6,"Action, Drama",207 min,"336,006"
381,Life of Pi,(2012),7.9,"Adventure, Drama, Fantasy",127 min,"611,874"
382,Y tu mamá también,(2001),7.6,Drama,106 min,"120,971"
383,Slumdog Millionaire,(2008),8.0,"Drama, Romance",120 min,"828,660"
384,Sense and Sensibility,(1995),7.7,"Drama, Romance",136 min,"112,328"
385,Annie Hall,(1977),8.0,"Comedy, Romance",93 min,"261,219"
386,Mary Poppins,(1964),7.8,"Comedy, Family, Fantasy",139 min,"167,712"
387,The Theory of Everything,(2014),7.7,"Biography, Drama, Romance",123 min,"435,608"
388,Cabaret,(1972),7.8,"Drama, Music, Musical",124 min,"53,206"
389,The Count of Monte Cristo,(2002),7.8,"Action, Adventure, Drama",131 min,"135,462"
390,What's Eating Gilbert Grape,(1993),7.7,Drama,118 min,"230,126"
391,Million Dollar Baby,(2004),8.1,"Drama, Sport",132 min,"669,616"
392,Princess Mononoke,(1997),8.4,"Animation, Action, Adventure",134 min,"376,636"
393,Rosemary's Baby,(1968),8.0,"Drama, Horror",137 min,"208,566"
394,Ben-Hur,(1959),8.1,"Adventure, Drama, History",212 min,"232,999"
395,The Blues Brothers,(1980),7.9,"Action, Adventure, Comedy",133 min,"194,145"
396,Boyhood,(I) (2014),7.9,Drama,165 min,"348,731"
397,Mr. Nobody,(2009),7.8,"Drama, Fantasy, Romance",141 min,"228,343"
398,Blue Velvet,(1986),7.7,"Crime, Drama, Mystery",120 min,"193,080"
399,Doctor Zhivago,(1965),8.0,"Drama, Romance, War",197 min,"74,897"
400,Monty Python and the Holy Grail,(1975),8.2,"Adventure, Comedy, Fantasy",91 min,"527,178"
401,Back to the Future Part II,(1989),7.8,"Adventure, Comedy, Sci-Fi",108 min,"512,944"
402,In the Heat of the Night,(1967),7.9,"Drama, Mystery, Thriller",110 min,"74,074"
403,Edward Scissorhands,(1990),7.9,"Drama, Fantasy, Romance",105 min,"472,753"
404,Scent of a Woman,(1992),8.0,Drama,156 min,"285,644"
405,End of Watch,(2012),7.6,"Action, Adventure, Crime",109 min,"241,611"
406,I Saw the Devil,(2010),7.8,"Action, Crime, Drama",144 min,"124,270"
407,Toy Story 3,(2010),8.2,"Animation, Adventure, Comedy",103 min,"804,522"
408,Dirty Harry,(1971),7.7,"Action, Crime, Thriller",102 min,"152,295"
409,Match Point,(2005),7.6,"Drama, Romance, Thriller",124 min,"214,757"
410,Who Framed Roger Rabbit,(1988),7.7,"Animation, Adventure, Comedy",104 min,"194,958"
411,Gone Baby Gone,(2007),7.6,"Crime, Drama, Mystery",114 min,"267,225"
412,Apollo 13,(I) (1995),7.6,"Adventure, Drama, History",140 min,"286,939"
413,Wreck-It Ralph,(2012),7.7,"Animation, Adventure, Comedy",101 min,"406,648"
414,Gattaca,(1997),7.8,"Drama, Sci-Fi, Thriller",106 min,"295,145"
415,The Bourne Supremacy,(2004),7.7,"Action, Mystery, Thriller",108 min,"454,124"
416,Kill Bill: Vol. 2,(2004),8.0,"Action, Crime, Thriller",137 min,"729,991"
417,The Raid: Redemption,(2011),7.6,"Action, Crime, Thriller",101 min,"200,241"
418,Hunt for the Wilderpeople,(2016),7.9,"Adventure, Comedy, Drama",101 min,"125,099"
419,Isle of Dogs,(2018),7.8,"Animation, Adventure, Comedy",101 min,"160,381"
420,The Girl with the Dragon Tattoo,(2009),7.8,"Crime, Drama, Mystery",152 min,"214,753"
421,Raging Bull,(1980),8.2,"Biography, Drama, Sport",129 min,"342,680"
422,Let the Right One In,(2008),7.9,"Drama, Fantasy, Horror",114 min,"213,368"
423,The Boondock Saints,(1999),7.7,"Action, Thriller",108 min,"235,762"
424,In Bruges,(2008),7.9,"Comedy, Crime, Drama",107 min,"410,509"
425,Toy Story 2,(1999),7.9,"Animation, Adventure, Comedy",92 min,"560,430"
426,The Magnificent Seven,(1960),7.7,"Action, Adventure, Western",128 min,"93,113"
427,Coraline,(2009),7.7,"Animation, Drama, Family",100 min,"216,137"
428,JFK,(1991),8.0,"Drama, History, Thriller",189 min,"152,002"
429,Lawrence of Arabia,(1962),8.3,"Adventure, Biography, Drama",228 min,"285,383"
430,Glory,(1989),7.8,"Biography, Drama, History",122 min,"132,179"
431,The Great Beauty,(2013),7.8,Drama,141 min,"88,155"
432,The French Connection,(1971),7.7,"Action, Crime, Drama",104 min,"119,203"
433,The Thin Red Line,(1998),7.6,"Drama, History, War",170 min,"184,005"
434,The Seventh Seal,(1957),8.2,"Drama, Fantasy, History",96 min,"179,938"
435,Primal Fear,(1996),7.7,"Crime, Drama, Mystery",129 min,"206,115"
436,Before Sunset,(2004),8.1,"Drama, Romance",80 min,"254,231"
437,"Paris, Texas",(1984),8.1,Drama,145 min,"102,554"
438,A Silent Voice: The Movie,(2016),8.2,"Animation, Drama",130 min,"72,125"
439,Dog Day Afternoon,(1975),8.0,"Biography, Crime, Drama",125 min,"250,316"
440,The Color Purple,(1985),7.8,Drama,154 min,"84,472"
441,Carlito's Way,(1993),7.9,"Crime, Drama, Thriller",144 min,"212,696"
442,North by Northwest,(1959),8.3,"Adventure, Mystery, Thriller",136 min,"318,916"
443,Charade,(1963),7.9,"Comedy, Mystery, Romance",113 min,"74,980"
444,Empire of the Sun,(1987),7.7,"Drama, History, War",153 min,"122,839"
445,Who's Afraid of Virginia Woolf?,(1966),8.0,Drama,131 min,"73,808"
446,To Kill a Mockingbird,(1962),8.2,"Crime, Drama",129 min,"309,329"
447,My Neighbor Totoro,(1988),8.2,"Animation, Comedy, Family",86 min,"322,280"
448,First Blood,(1982),7.7,"Action, Adventure, Thriller",93 min,"243,700"
449,K.G.F: Chapter 1,(2018),8.3,"Action, Crime, Drama",156 min,"55,358"
450,Billy Elliot,(2000),7.7,"Drama, Music",110 min,"132,736"
451,Cinema Paradiso,(1988),8.5,"Drama, Romance",155 min,"251,813"
452,Singin' in the Rain,(1952),8.3,"Comedy, Musical, Romance",103 min,"234,437"
453,Dark City,(1998),7.6,"Fantasy, Mystery, Sci-Fi",100 min,"196,585"
454,Chungking Express,(1994),8.1,"Comedy, Crime, Drama",102 min,"75,761"
455,Metropolis,(1927),8.3,"Drama, Sci-Fi",153 min,"170,144"
456,Rushmore,(1998),7.7,"Comedy, Drama, Romance",93 min,"181,240"
457,Roma,(2018),7.7,Drama,135 min,"152,880"
458,Ordinary People,(1980),7.7,Drama,124 min,"50,792"
459,The Secret in Their Eyes,(2009),8.2,"Drama, Mystery, Romance",129 min,"204,753"
460,Barry Lyndon,(1975),8.1,"Adventure, Drama, History",185 min,"162,319"
461,Close Encounters of the Third Kind,(1977),7.6,"Drama, Sci-Fi",138 min,"196,449"
462,Before Midnight,(2013),7.9,"Drama, Romance",109 min,"152,438"
463,The Lego Movie,(2014),7.7,"Animation, Action, Adventure",100 min,"342,072"
464,Network,(1976),8.1,Drama,121 min,"155,381"
465,Dangal,(2016),8.4,"Action, Biography, Drama",161 min,"178,659"
466,The Searchers,(1956),7.9,"Adventure, Drama, Western",119 min,"87,040"
467,The Others,(2001),7.6,"Horror, Mystery, Thriller",104 min,"356,560"
468,The Holy Mountain,(1973),7.9,"Adventure, Drama, Fantasy",114 min,"41,507"
469,Das Boot,(1981),8.3,"Drama, War",149 min,"245,185"
470,Lethal Weapon,(1987),7.6,"Action, Crime, Thriller",109 min,"251,793"
471,Fried Green Tomatoes,(1991),7.7,Drama,130 min,"72,756"
472,Akira,(1988),8.0,"Animation, Action, Drama",124 min,"178,959"
473,The Birds,(1963),7.7,"Drama, Horror, Mystery",119 min,"183,575"
474,This Is Spinal Tap,(1984),7.9,"Comedy, Music",82 min,"137,075"
475,The Ten Commandments,(1956),7.9,"Adventure, Drama, Family",220 min,"68,465"
476,Naked,(1993),7.8,"Comedy, Drama",131 min,"38,262"
477,Perfect Blue,(1997),8.0,"Animation, Crime, Drama",81 min,"69,892"
478,Captain Phillips,(2013),7.8,"Action, Biography, Crime",134 min,"446,718"
479,A Fistful of Dollars,(1964),8.0,"Action, Drama, Western",99 min,"211,262"
480,Stalker,(1979),8.1,"Drama, Sci-Fi",162 min,"130,080"
481,La Haine,(1995),8.1,"Crime, Drama",98 min,"165,695"
482,Do the Right Thing,(1989),8.0,"Comedy, Drama",120 min,"99,144"
483,Changeling,(2008),7.7,"Biography, Crime, Drama",141 min,"250,856"
484,This Is England,(2006),7.7,"Crime, Drama",101 min,"120,524"
485,Sunset Blvd.,(1950),8.4,"Drama, Film-Noir",110 min,"215,575"
486,Dogville,(2003),8.0,"Crime, Drama",178 min,"145,807"
487,Harold and Maude,(1971),7.9,"Comedy, Drama, Romance",91 min,"76,048"
488,Hamlet,(1996),7.7,Drama,242 min,"37,646"
489,Being John Malkovich,(1999),7.7,"Comedy, Drama, Fantasy",113 min,"327,871"
490,Miracle in Cell No. 7,(2019),8.2,Drama,132 min,"45,926"
491,A Separation,(2011),8.3,Drama,123 min,"238,988"
492,Spartacus,(1960),7.9,"Adventure, Biography, Drama",197 min,"132,113"
493,The Elephant Man,(1980),8.1,"Biography, Drama",124 min,"234,908"
494,The Apartment,(1960),8.3,"Comedy, Drama, Romance",125 min,"176,290"
495,Serpico,(1973),7.7,"Biography, Crime, Drama",130 min,"119,442"
496,Goldfinger,(1964),7.7,"Action, Adventure, Thriller",110 min,"185,458"
497,My Fair Lady,(1964),7.8,"Drama, Family, Musical",170 min,"93,386"
498,The Sting,(1973),8.3,"Comedy, Crime, Drama",129 min,"255,160"
499,Once Were Warriors,(1994),7.9,"Crime, Drama",102 min,"33,615"
500,Brazil,(1985),7.9,"Drama, Sci-Fi",132 min,"197,495"
501,Wild Tales,(2014),8.1,"Comedy, Drama, Thriller",122 min,"191,451"
502,Miller's Crossing,(1990),7.7,"Crime, Drama, Thriller",115 min,"132,957"
503,The Jungle Book,(1967),7.6,"Animation, Adventure, Comedy",78 min,"176,842"
504,Detachment,(2011),7.7,Drama,98 min,"82,882"
505,The Longest Day,(1962),7.8,"Action, Drama, History",178 min,"54,768"
506,Life of Brian,(1979),8.1,Comedy,94 min,"389,328"
507,Interstate 60: Episodes of the Road,(2002),7.7,"Adventure, Comedy, Drama",116 min,"31,954"
508,Awakenings,(1990),7.8,"Biography, Drama",121 min,"136,382"
509,Glengarry Glen Ross,(1992),7.7,"Crime, Drama, Mystery",100 min,"102,792"
510,The Maltese Falcon,(1941),8.0,"Crime, Film-Noir, Mystery",100 min,"155,747"
511,Seven Pounds,(2008),7.6,Drama,123 min,"298,046"
512,High Noon,(1952),8.0,"Drama, Thriller, Western",85 min,"102,413"
513,In the Name of the Father,(1993),8.1,"Biography, Crime, Drama",133 min,"169,713"
514,Cool Hand Luke,(1967),8.1,"Crime, Drama",127 min,"173,143"
515,Lost Highway,(1997),7.6,"Mystery, Thriller",134 min,"138,899"
516,The Wrestler,(2008),7.9,"Drama, Sport",109 min,"300,466"
517,The Road Warrior,(1981),7.6,"Action, Adventure, Sci-Fi",96 min,"176,068"
518,Hara-Kiri,(1962),8.6,"Action, Drama, Mystery",133 min,"52,532"
519,The Name of the Rose,(1986),7.7,"Drama, History, Mystery",130 min,"106,848"
520,Malcolm X,(1992),7.7,"Biography, Drama, History",202 min,"92,429"
521,Battle Royale,(2000),7.6,"Action, Adventure, Drama",114 min,"179,427"
522,Mississippi Burning,(1988),7.8,"Crime, Drama, History",128 min,"97,596"
523,Talk to Her,(2002),7.9,"Drama, Mystery, Romance",112 min,"110,445"
524,A Christmas Story,(1983),7.9,"Comedy, Family",93 min,"145,741"
525,Butch Cassidy and the Sundance Kid,(1969),8.0,"Biography, Crime, Drama",110 min,"211,918"
526,Paddington 2,(2017),7.8,"Adventure, Comedy, Family",103 min,"71,722"
527,Evil Dead II,(1987),7.7,"Comedy, Horror",84 min,"158,294"
528,M,(1931),8.3,"Crime, Mystery, Thriller",99 min,"153,878"
529,Fanny and Alexander,(1982),8.1,Drama,188 min,"62,731"
530,"Crouching Tiger, Hidden Dragon",(2000),7.8,"Action, Adventure, Drama",120 min,"264,133"
531,Fallen Angels,(1995),7.7,"Comedy, Crime, Drama",99 min,"35,747"
532,Only the Brave,(2017),7.6,"Action, Biography, Drama",134 min,"65,633"
533,Kiki's Delivery Service,(1989),7.9,"Animation, Family, Fantasy",103 min,"137,837"
534,Searching,(III) (2018),7.6,"Drama, Mystery, Thriller",102 min,"157,313"
535,The Best Offer,(2013),7.8,"Crime, Drama, Mystery",131 min,"115,963"
536,Rio Bravo,(1959),8.0,Western,141 min,"60,819"
537,Adaptation.,(2002),7.7,"Comedy, Drama",115 min,"188,685"
538,The Nightmare Before Christmas,(1993),8.0,"Animation, Family, Fantasy",76 min,"324,218"
539,Eastern Promises,(2007),7.6,"Crime, Drama, Thriller",100 min,"238,324"
540,Papillon,(1973),8.0,"Biography, Crime, Drama",151 min,"128,170"
541,Rebecca,(1940),8.1,"Drama, Film-Noir, Mystery",130 min,"133,832"
542,Enter the Dragon,(1973),7.7,"Action, Crime, Drama",102 min,"102,524"
543,Togo,(2019),8.0,"Adventure, Biography, Drama",113 min,"45,916"
544,Double Indemnity,(1944),8.3,"Crime, Drama, Film-Noir",107 min,"152,989"
545,Guess Who's Coming to Dinner,(1967),7.8,"Comedy, Drama",108 min,"44,295"
546,Nosferatu,(1922),7.9,"Fantasy, Horror",94 min,"94,215"
547,Ip Man,(2008),8.0,"Action, Biography, Drama",106 min,"220,102"
548,Brief Encounter,(1945),8.0,"Drama, Romance",86 min,"39,072"
549,Perfect Strangers,(2016),7.8,"Comedy, Drama",96 min,"63,213"
550,The Man from Earth,(2007),7.9,"Drama, Fantasy, Mystery",87 min,"183,634"
551,Freaks,(1932),7.9,"Drama, Horror",64 min,"45,265"
552,Gandhi,(1982),8.0,"Biography, Drama",191 min,"225,831"
553,Sing Street,(2016),7.9,"Comedy, Drama, Music",106 min,"91,305"
554,Witness for the Prosecution,(1957),8.4,"Crime, Drama, Mystery",116 min,"120,512"
555,How to Train Your Dragon 2,(2014),7.8,"Animation, Action, Adventure",102 min,"324,010"
556,"Blood In, Blood Out",(1993),8.0,"Crime, Drama",180 min,"30,707"
557,For a Few Dollars More,(1965),8.2,Western,132 min,"249,099"
558,8½,(1963),8.0,Drama,138 min,"115,606"
559,Once,(I) (2007),7.8,"Drama, Music, Romance",86 min,"115,104"
560,The Raid 2,(2014),8.0,"Action, Crime, Thriller",150 min,"120,711"
561,The Fall,(2006),7.8,"Adventure, Drama, Fantasy",117 min,"110,921"
562,Roman Holiday,(1953),8.0,"Comedy, Romance",118 min,"135,616"
563,The Bridges of Madison County,(1995),7.6,"Drama, Romance",135 min,"79,140"
564,From Here to Eternity,(1953),7.6,"Drama, Romance, War",118 min,"46,091"
565,Bonnie and Clyde,(1967),7.8,"Action, Biography, Crime",111 min,"110,130"
566,Lucky Number Slevin,(2006),7.7,"Crime, Drama, Thriller",110 min,"308,964"
567,The Dirty Dozen,(1967),7.7,"Action, Adventure, War",150 min,"71,336"
568,The Iron Giant,(1999),8.0,"Animation, Action, Adventure",86 min,"185,365"
569,Sabrina,(1954),7.6,"Comedy, Drama, Romance",113 min,"63,468"
570,Klaus,(2019),8.2,"Animation, Adventure, Comedy",96 min,"138,715"
571,Rebel Without a Cause,(1955),7.7,Drama,111 min,"88,598"
572,All That Jazz,(1979),7.9,"Drama, Music, Musical",123 min,"30,783"
573,All the President's Men,(1976),8.0,"Drama, History, Thriller",138 min,"112,122"
574,A Streetcar Named Desire,(1951),8.0,Drama,122 min,"105,843"
575,Kung Fu Hustle,(2004),7.8,"Action, Comedy, Fantasy",99 min,"135,566"
576,Ran,(1985),8.2,"Action, Drama, War",162 min,"122,103"
577,Ghost in the Shell,(1995),8.0,"Animation, Action, Crime",83 min,"138,873"
578,Hotel Rwanda,(2004),8.1,"Biography, Drama, History",121 min,"348,724"
579,Nausicaä of the Valley of the Wind,(1984),8.1,"Animation, Adventure, Sci-Fi",117 min,"164,734"
580,Sling Blade,(1996),8.0,Drama,135 min,"92,451"
581,Solaris,(1972),8.0,"Drama, Mystery, Sci-Fi",167 min,"88,758"
582,Amores perros,(2000),8.1,"Drama, Thriller",154 min,"235,701"
583,The Insider,(1999),7.8,"Biography, Drama, Thriller",157 min,"168,222"
584,Belle de Jour,(1967),7.7,"Drama, Romance",100 min,"43,351"
585,A Very Long Engagement,(2004),7.6,"Drama, Mystery, Romance",133 min,"73,195"
586,Flipped,(I) (2010),7.7,"Comedy, Drama, Romance",90 min,"88,152"
587,The Artist,(I) (2011),7.9,"Comedy, Drama, Romance",100 min,"238,441"
588,The Outlaw Josey Wales,(1976),7.8,Western,135 min,"71,660"
589,After Hours,(I) (1985),7.7,"Comedy, Crime, Drama",97 min,"66,885"
590,Like Stars on Earth,(2007),8.4,"Drama, Family",165 min,"185,943"
591,Persona,(1966),8.1,"Drama, Thriller",83 min,"114,108"
592,Mommy,(I) (2014),8.1,Drama,139 min,"55,354"
593,Ponyo,(2008),7.7,"Animation, Adventure, Comedy",101 min,"137,537"
594,My Left Foot,(1989),7.9,"Biography, Drama",103 min,"72,719"
595,La Dolce Vita,(1960),8.0,"Comedy, Drama",174 min,"71,429"
596,The King of Comedy,(1982),7.8,"Comedy, Crime, Drama",109 min,"99,304"
597,A Man Called Ove,(2015),7.7,"Comedy, Drama, Romance",116 min,"52,816"
598,Giant,(1956),7.6,"Drama, Western",201 min,"37,801"
599,Cinderella Man,(2005),8.0,"Biography, Drama, History",144 min,"184,127"
600,Modern Times,(1936),8.5,"Comedy, Drama, Romance",87 min,"234,736"
601,Neon Genesis Evangelion: The End of Evangelion,(1997),8.1,"Animation, Action, Drama",87 min,"50,856"
602,Pink Floyd: The Wall,(1982),8.0,"Drama, Fantasy, Music",95 min,"79,661"
603,21 Grams,(2003),7.6,"Crime, Drama, Thriller",124 min,"233,351"
604,The Remains of the Day,(1993),7.8,"Drama, Romance",134 min,"72,084"
605,Paths of Glory,(1957),8.4,"Drama, War",88 min,"191,346"
606,The Wild Bunch,(1969),7.9,"Action, Adventure, Western",135 min,"82,890"
607,Sardar Udham,(2021),8.7,"Biography, Crime, Drama",164 min,"36,471"
608,Stagecoach,(1939),7.9,"Adventure, Drama, Western",96 min,"47,587"
609,Ray,(I) (2004),7.7,"Biography, Drama, Music",152 min,"145,178"
610,Paper Moon,(1973),8.1,"Comedy, Crime, Drama",102 min,"46,224"
611,25th Hour,(2002),7.6,Drama,135 min,"176,577"
612,Gaslight,(1944),7.8,"Crime, Drama, Mystery",114 min,"27,645"
613,Black Book,(2006),7.7,"Drama, Thriller, War",145 min,"75,884"
614,Happiness,(1998),7.7,"Comedy, Drama",134 min,"69,292"
615,Run Lola Run,(1998),7.7,"Crime, Drama, Thriller",80 min,"196,005"
616,On the Waterfront,(1954),8.1,"Crime, Drama, Thriller",108 min,"151,314"
617,Dial M for Murder,(1954),8.2,"Crime, Thriller",105 min,"170,699"
618,Baahubali: The Beginning,(2015),8.0,"Action, Drama",159 min,"112,006"
619,The Man Who Would Be King,(1975),7.8,"Adventure, History, War",129 min,"48,046"
620,The Great Dictator,(1940),8.4,"Comedy, Drama, War",125 min,"218,031"
621,God's Own Country,(2017),7.7,"Drama, Romance",104 min,"29,336"
622,The Last King of Scotland,(2006),7.7,"Biography, Drama, History",123 min,"183,387"
623,Wolfwalkers,(2020),8.0,"Animation, Adventure, Family",103 min,"29,082"
624,The Third Man,(1949),8.1,"Film-Noir, Mystery, Thriller",93 min,"168,232"
625,All About Eve,(1950),8.2,Drama,138 min,"128,400"
626,Dawn of the Dead,(1978),7.9,"Horror, Thriller",127 min,"117,960"
627,Star Trek II: The Wrath of Khan,(1982),7.7,"Action, Adventure, Sci-Fi",113 min,"118,625"
628,It Happened One Night,(1934),8.1,"Comedy, Romance",105 min,"101,191"
629,Rashomon,(1950),8.2,"Crime, Drama, Mystery",88 min,"163,845"
630,Fiddler on the Roof,(1971),8.0,"Drama, Family, Musical",181 min,"42,619"
631,50/50,(2011),7.6,"Comedy, Drama, Romance",100 min,"325,779"
632,Gangs of Wasseypur,(2012),8.2,"Action, Comedy, Crime",321 min,"92,741"
633,The Last Emperor,(1987),7.7,"Biography, Drama, History",163 min,"100,570"
634,The Wind Rises,(2013),7.8,"Animation, Biography, Drama",126 min,"81,812"
635,I Am Sam,(2001),7.6,Drama,132 min,"148,456"
636,Clerks,(1994),7.7,Comedy,92 min,"218,805"
637,Ed Wood,(1994),7.8,"Biography, Comedy, Drama",127 min,"172,866"
638,King Kong,(1933),7.9,"Adventure, Horror, Sci-Fi",100 min,"83,873"
639,Hero,(2002),7.9,"Action, Adventure, Drama",120 min,"179,332"
640,Night of the Living Dead,(1968),7.9,"Horror, Thriller",96 min,"124,830"
641,Dancer in the Dark,(2000),8.0,"Crime, Drama, Musical",140 min,"107,783"
642,Barton Fink,(1991),7.7,"Comedy, Drama, Thriller",116 min,"119,059"
643,Castle in the Sky,(1986),8.0,"Animation, Adventure, Family",125 min,"161,273"
644,Tumbbad,(2018),8.3,"Drama, Fantasy, Horror",104 min,"40,055"
645,Shoplifters,(2018),7.9,"Crime, Drama",121 min,"72,518"
646,Andhadhun,(2018),8.2,"Comedy, Crime, Music",139 min,"87,689"
647,The Celebration,(1998),8.1,Drama,105 min,"85,059"
648,All About My Mother,(1999),7.9,Drama,101 min,"94,698"
649,"South Park: Bigger, Longer & Uncut",(1999),7.7,"Animation, Comedy, Fantasy",81 min,"201,137"
650,Finding Neverland,(2004),7.6,"Biography, Drama, Family",106 min,"203,958"
651,Short Term 12,(2013),8.0,Drama,96 min,"86,393"
652,East of Eden,(1955),7.9,Drama,118 min,"44,534"
653,The Killing,(1956),8.0,"Crime, Drama, Film-Noir",84 min,"87,666"
654,Nebraska,(2013),7.7,"Adventure, Comedy, Drama",115 min,"116,639"
655,Days of Heaven,(1978),7.8,"Drama, Romance",94 min,"56,847"
656,Hedwig and the Angry Inch,(2001),7.7,"Comedy, Drama, Music",95 min,"35,059"
657,Open Your Eyes,(1997),7.7,"Drama, Mystery, Sci-Fi",119 min,"68,296"
658,The Man Who Shot Liberty Valance,(1962),8.1,"Drama, Western",123 min,"74,203"
659,Mother,(2009),7.8,"Crime, Drama, Mystery",129 min,"61,004"
660,The Verdict,(1982),7.7,Drama,129 min,"39,311"
661,Being There,(1979),8.0,"Comedy, Drama",130 min,"71,097"
662,Kelly's Heroes,(1970),7.6,"Adventure, Comedy, War",144 min,"48,438"
663,Mysterious Skin,(2004),7.6,Drama,105 min,"68,427"
664,October Sky,(1999),7.8,"Biography, Drama, Family",108 min,"88,632"
665,The Philadelphia Story,(1940),7.9,"Comedy, Romance",112 min,"67,755"
666,PK,(2014),8.1,"Comedy, Drama, Sci-Fi",153 min,"176,434"
667,Letters from Iwo Jima,(2006),7.9,"Action, Adventure, Drama",141 min,"160,284"
668,Where Eagles Dare,(1968),7.6,"Action, Adventure, War",158 min,"56,962"
669,The Right Stuff,(1983),7.8,"Adventure, Biography, Drama",193 min,"60,330"
670,The Body,(2012),7.6,"Mystery, Thriller",112 min,"63,704"
671,Wings of Desire,(1987),8.0,"Drama, Fantasy, Romance",128 min,"69,378"
672,Amour,(2012),7.9,Drama,127 min,"98,250"
673,What Ever Happened to Baby Jane?,(1962),8.1,"Drama, Horror, Thriller",134 min,"54,323"
674,Badlands,(1973),7.8,"Action, Crime, Drama",94 min,"71,319"
675,Z,(1969),8.2,"Crime, Drama, History",127 min,"27,676"
676,"Spring, Summer, Fall, Winter... and Spring",(2003),8.0,"Drama, Romance",103 min,"81,641"
677,Happy Together,(1997),7.7,"Drama, Romance",96 min,"27,407"
678,Beasts of No Nation,(2015),7.7,"Drama, War",137 min,"79,475"
679,Soorarai Pottru,(2020),9.1,Drama,153 min,"107,640"
680,The Night of the Hunter,(1955),8.0,"Crime, Drama, Film-Noir",92 min,"87,377"
681,Badhaai Ho,(2018),8.0,"Comedy, Drama",124 min,"32,635"
682,Victoria,(II) (2015),7.6,"Crime, Drama, Romance",138 min,"57,398"
683,Me and Earl and the Dying Girl,(2015),7.7,"Comedy, Drama",105 min,"129,194"
684,Bicycle Thieves,(1948),8.3,Drama,89 min,"159,237"
685,Ayla: The Daughter of War,(2017),8.4,"Biography, Drama, History",125 min,"38,297"
686,Breathless,(1960),7.8,"Crime, Drama",90 min,"79,056"
687,The Legend of 1900,(1998),8.1,"Drama, Music, Romance",169 min,"62,823"
688,Mary and Max,(2009),8.1,"Animation, Comedy, Drama",92 min,"173,648"
689,The Day the Earth Stood Still,(1951),7.7,"Drama, Sci-Fi",92 min,"80,636"
690,The Station Agent,(2003),7.6,"Comedy, Drama",89 min,"69,777"
691,Rope,(1948),8.0,"Crime, Drama, Mystery",80 min,"139,520"
692,Evil,(2003),7.8,Drama,113 min,"37,788"
693,Paprika,(2006),7.7,"Animation, Drama, Fantasy",90 min,"79,464"
694,The Manchurian Candidate,(1962),7.9,"Drama, Thriller",126 min,"74,499"
695,Shershaah,(2021),8.7,"Action, Biography, Drama",135 min,"113,410"
696,Notorious,(1946),8.0,"Drama, Film-Noir, Romance",102 min,"99,108"
697,Patton,(1970),7.9,"Biography, Drama, War",172 min,"100,248"
698,City Lights,(1931),8.5,"Comedy, Drama, Romance",87 min,"180,003"
699,The Best Years of Our Lives,(1946),8.1,"Drama, Romance, War",170 min,"62,131"
700,Mirror,(1975),8.1,"Biography, Drama",107 min,"44,859"
701,Strangers on a Train,(1951),8.0,"Crime, Drama, Film-Noir",101 min,"131,411"
702,Pride,(I) (2014),7.8,"Biography, Comedy, Drama",119 min,"55,300"
703,High and Low,(1963),8.4,"Crime, Drama, Mystery",143 min,"41,806"
704,Manhattan,(1979),7.9,"Comedy, Drama, Romance",96 min,"138,149"
705,The Man from Nowhere,(2010),7.8,"Action, Crime, Drama",119 min,"67,888"
706,Loving Vincent,(2017),7.8,"Animation, Biography, Crime",94 min,"56,109"
707,The Killing Fields,(1984),7.8,"Biography, Drama, History",141 min,"54,696"
708,The Innocents,(1961),7.8,Horror,100 min,"29,660"
709,Good Bye Lenin!,(2003),7.7,"Comedy, Drama, Romance",121 min,"143,877"
710,Frankenstein,(1931),7.8,"Drama, Horror, Sci-Fi",70 min,"70,497"
711,Peeping Tom,(1960),7.7,"Drama, Horror, Thriller",101 min,"34,385"
712,Fantasia,(1940),7.7,"Animation, Family, Fantasy",125 min,"93,807"
713,Whisper of the Heart,(1995),7.9,"Animation, Drama, Family",111 min,"59,405"
714,A Little Princess,(1995),7.7,"Drama, Family, Fantasy",97 min,"34,040"
715,Yojimbo,(1961),8.2,"Action, Drama, Thriller",110 min,"119,767"
716,The 400 Blows,(1959),8.1,"Crime, Drama",99 min,"114,322"
717,Drishyam 2,(2021),8.6,"Crime, Drama, Thriller",152 min,"33,971"
718,Judgment at Nuremberg,(1961),8.2,"Drama, War",179 min,"75,355"
719,Waking Life,(2001),7.8,"Animation, Drama, Fantasy",99 min,"63,245"
720,Ikiru,(1952),8.3,Drama,143 min,"75,876"
721,The Hustler,(1961),8.0,"Drama, Sport",134 min,"80,489"
722,Three Colors: Blue,(1993),7.9,"Drama, Music, Mystery",94 min,"98,875"
723,The Quiet Man,(1952),7.8,"Comedy, Drama, Romance",129 min,"37,607"
724,The Chaser,(2008),7.8,"Action, Crime, Drama",125 min,"64,138"
725,Withnail & I,(1987),7.6,"Comedy, Drama",107 min,"43,126"
726,Zulu,(1964),7.7,"Drama, History, War",138 min,"38,482"
727,The Ladykillers,(1955),7.7,"Comedy, Crime",91 min,"28,788"
728,The Grapes of Wrath,(1940),8.1,Drama,129 min,"90,489"
729,Kubo and the Two Strings,(2016),7.8,"Animation, Action, Adventure",101 min,"125,943"
730,Breaking the Waves,(1996),7.8,Drama,159 min,"65,692"
731,The Battle of Algiers,(1966),8.1,"Drama, War",121 min,"58,401"
732,The Double Life of Véronique,(1991),7.8,"Drama, Fantasy, Music",98 min,"47,106"
733,The Straight Story,(1999),8.0,"Biography, Drama",112 min,"88,611"
734,Children of Heaven,(1997),8.3,"Drama, Family, Sport",89 min,"72,651"
735,Touch of Evil,(1958),8.0,"Crime, Drama, Film-Noir",95 min,"102,899"
736,Secrets & Lies,(1996),8.0,"Comedy, Drama",136 min,"42,183"
737,The Treasure of the Sierra Madre,(1948),8.2,"Adventure, Drama, Western",126 min,"122,033"
738,Three Colors: Red,(1994),8.1,"Drama, Mystery, Romance",99 min,"100,594"
739,Porco Rosso,(1992),7.7,"Animation, Adventure, Comedy",94 min,"85,938"
740,The Cabinet of Dr. Caligari,(1920),8.1,"Horror, Mystery, Thriller",67 min,"61,909"
741,Anatomy of a Murder,(1959),8.0,"Drama, Mystery",161 min,"64,846"
742,Short Cuts,(1993),7.7,"Comedy, Drama",188 min,"44,311"
743,The Big Sleep,(1946),7.9,"Crime, Film-Noir, Mystery",114 min,"83,988"
744,Le Samouraï,(1967),8.1,"Crime, Drama",101 min,"49,856"
745,Infernal Affairs,(2002),8.0,"Action, Crime, Drama",101 min,"122,829"
746,The African Queen,(1951),7.8,"Adventure, Drama, Romance",105 min,"77,273"
747,Nashville,(1975),7.7,"Comedy, Drama, Music",160 min,"25,775"
748,Philomena,(2013),7.6,"Biography, Comedy, Drama",98 min,"98,589"
749,Fantastic Planet,(1973),7.8,"Animation, Sci-Fi",72 min,"29,612"
750,Hannah and Her Sisters,(1986),7.9,"Comedy, Drama",107 min,"70,480"
751,Baahubali 2: The Conclusion,(2017),8.2,"Action, Drama",167 min,"84,954"
752,The Lion in Winter,(1968),7.9,"Biography, Drama, History",134 min,"30,968"
753,The Red Shoes,(1948),8.1,"Drama, Music, Romance",135 min,"33,980"
754,L'Avventura,(1960),7.8,"Drama, Mystery, Romance",144 min,"29,010"
755,To Be or Not to Be,(1942),8.2,"Comedy, Romance, War",99 min,"35,368"
756,Andrei Rublev,(1966),8.1,"Biography, Drama, History",205 min,"52,412"
757,The Salesman,(2016),7.7,Drama,124 min,"58,921"
758,Wild Strawberries,(1957),8.2,"Drama, Romance",91 min,"104,630"
759,The General,(1926),8.1,"Action, Adventure, Comedy",67 min,"88,964"
760,Cat on a Hot Tin Roof,(1958),8.0,Drama,108 min,"48,360"
761,The 39 Steps,(1935),7.6,"Crime, Mystery, Thriller",86 min,"55,796"
762,Control,(2007),7.7,"Biography, Drama, Music",122 min,"64,375"
763,96,(II) (2018),8.5,"Drama, Romance",158 min,"27,737"
764,Dragon Ball Super: Broly,(2018),7.8,"Animation, Action, Adventure",100 min,"25,715"
765,The Tale of The Princess Kaguya,(2013),8.0,"Animation, Drama, Family",137 min,"44,320"
766,Gully Boy,(2019),7.9,"Drama, Music, Romance",154 min,"37,219"
767,Bringing Up Baby,(1938),7.9,Comedy,102 min,"60,252"
768,The White Ribbon,(2009),7.8,"Drama, History, Mystery",144 min,"72,337"
769,A Prophet,(2009),7.9,"Crime, Drama",155 min,"97,464"
770,3-Iron,(2004),8.0,"Crime, Drama, Romance",88 min,"54,115"
771,Wait Until Dark,(1967),7.8,Thriller,108 min,"29,996"
772,The Sea Inside,(I) (2004),8.0,"Biography, Drama",126 min,"80,730"
773,Drishyam,(2015),8.2,"Crime, Drama, Mystery",163 min,"78,643"
774,His Girl Friday,(1940),7.9,"Comedy, Drama, Romance",92 min,"57,413"
775,Raatchasan,(2018),8.4,"Crime, Drama, Mystery",170 min,"38,059"
776,Leviathan,(2014),7.6,"Crime, Drama",140 min,"52,474"
777,The Diving Bell and the Butterfly,(2007),8.0,"Biography, Drama",112 min,"106,731"
778,When Marnie Was There,(2014),7.7,"Animation, Drama, Family",103 min,"38,283"
779,Mr. Smith Goes to Washington,(1939),8.1,"Comedy, Drama",129 min,"113,490"
780,Night on Earth,(1991),7.7,"Comedy, Drama",129 min,"59,225"
781,Out of the Past,(1947),8.0,"Crime, Drama, Film-Noir",97 min,"36,147"
782,The Day of the Jackal,(1973),7.8,"Crime, Drama, Thriller",143 min,"40,114"
783,Lilya 4-Ever,(2002),7.8,"Crime, Drama",109 min,"44,967"
784,Fitzcarraldo,(1982),8.1,"Adventure, Drama",158 min,"34,127"
785,All Quiet on the Western Front,(1930),8.1,"Drama, War",152 min,"60,324"
786,Invasion of the Body Snatchers,(1956),7.7,"Drama, Horror, Sci-Fi",80 min,"48,441"
787,The Thin Man,(1934),8.0,"Comedy, Mystery",91 min,"28,934"
788,"Aguirre, the Wrath of God",(1972),7.9,"Action, Adventure, Biography",95 min,"55,954"
789,Underground,(1995),8.1,"Comedy, Drama, Fantasy",167 min,"57,671"
790,My Name Is Khan,(2010),8.0,"Drama, Romance",165 min,"104,269"
791,Arsenic and Old Lace,(1943),8.0,"Comedy, Crime, Thriller",118 min,"69,702"
792,The Kid,(1921),8.3,"Comedy, Drama, Family",68 min,"123,299"
793,The Triplets of Belleville,(2003),7.8,"Animation, Comedy, Drama",80 min,"53,830"
794,Pather Panchali,(1955),8.4,Drama,125 min,"30,636"
795,Wolf Children,(2012),8.1,"Animation, Drama, Fantasy",117 min,"43,202"
796,Repulsion,(1965),7.7,"Drama, Horror, Thriller",105 min,"52,231"
797,Song of the Sea,(2014),8.1,"Animation, Adventure, Drama",93 min,"56,740"
798,Jules and Jim,(1962),7.8,"Drama, Romance",105 min,"40,545"
799,Adam's Apples,(2005),7.8,"Comedy, Crime, Drama",94 min,"49,609"
800,Tokyo Story,(1953),8.2,Drama,136 min,"59,560"
801,Shine,(1996),7.7,"Biography, Drama, Music",105 min,"53,637"
802,Hard Boiled,(1992),7.8,"Action, Crime, Thriller",128 min,"49,512"
803,The Vanishing,(1988),7.7,"Mystery, Thriller",107 min,"37,760"
804,The Adventures of Robin Hood,(1938),7.9,"Action, Adventure, Romance",102 min,"50,178"
805,The Little Prince,(2015),7.7,"Animation, Adventure, Drama",108 min,"60,668"
806,The Tenant,(1976),7.6,"Drama, Thriller",126 min,"42,985"
807,In Cold Blood,(1967),7.9,"Biography, Crime, Drama",134 min,"26,135"
808,In a Lonely Place,(1950),8.0,"Drama, Film-Noir, Mystery",94 min,"30,493"
809,Inherit the Wind,(1960),8.1,"Biography, Drama, History",128 min,"29,597"
810,The Discreet Charm of the Bourgeoisie,(1972),7.9,Comedy,102 min,"41,952"
811,Nights of Cabiria,(1957),8.1,Drama,110 min,"47,725"
812,Zindagi Na Milegi Dobara,(2011),8.2,"Comedy, Drama, Musical",155 min,"74,845"
813,Taste of Cherry,(1997),7.8,Drama,95 min,"29,059"
814,The Umbrellas of Cherbourg,(1964),7.8,"Drama, Musical, Romance",91 min,"26,702"
815,Bajrangi Bhaijaan,(2015),8.0,"Action, Adventure, Comedy",163 min,"83,561"
816,Cowboy Bebop: The Movie,(2001),7.9,"Animation, Action, Crime",115 min,"47,332"
817,Key Largo,(1948),7.8,"Action, Crime, Drama",100 min,"39,934"
818,Autumn Sonata,(1978),8.2,"Drama, Music",99 min,"33,184"
819,The Invisible Man,(1933),7.7,"Horror, Sci-Fi",71 min,"34,000"
820,The Sacrifice,(1986),8.0,Drama,149 min,"27,419"
821,The Asphalt Jungle,(1950),7.9,"Crime, Drama, Film-Noir",112 min,"26,163"
822,Scarface,(1932),7.7,"Action, Crime, Drama",93 min,"27,389"
823,Elite Squad,(2007),8.0,"Action, Crime, Drama",115 min,"102,211"
824,Batman: Mask of the Phantasm,(1993),7.8,"Animation, Action, Adventure",76 min,"47,961"
825,Land of Mine,(2015),7.8,"Drama, History, War",100 min,"39,861"
826,"Duck, You Sucker!",(1971),7.6,"Drama, War, Western",138 min,"33,862"
827,"I, Daniel Blake",(2016),7.9,Drama,100 min,"58,490"
828,Throne of Blood,(1957),8.1,"Drama, History",110 min,"50,953"
829,Cape Fear,(1962),7.7,"Drama, Thriller",106 min,"28,569"
830,Farewell My Concubine,(1993),8.1,"Drama, History, Music",171 min,"27,728"
831,The Motorcycle Diaries,(2004),7.8,"Adventure, Biography, Drama",126 min,"100,139"
832,The Lady Vanishes,(1938),7.8,"Mystery, Thriller",96 min,"51,304"
833,Uri: The Surgical Strike,(2019),8.3,"Action, Drama, War",138 min,"55,479"
834,Diabolique,(1955),8.1,"Crime, Drama, Horror",117 min,"64,850"
835,Head-On,(2004),7.9,"Drama, Romance",121 min,"53,559"
836,Darbareye Elly,(2009),8.0,"Drama, Mystery",119 min,"52,237"
837,Stalag 17,(1953),8.0,"Comedy, Drama, War",120 min,"54,930"
838,Ninja Scroll,(1993),7.9,"Animation, Action, Adventure",94 min,"36,642"
839,Persepolis,(2007),8.0,"Animation, Biography, Drama",96 min,"93,168"
840,Winter Sleep,(2014),8.1,Drama,196 min,"50,642"
841,Cries & Whispers,(1972),8.1,Drama,91 min,"33,215"
842,The Conformist,(1970),8.0,Drama,113 min,"29,593"
843,The World's Fastest Indian,(2005),7.8,"Biography, Drama, Sport",127 min,"54,034"
844,The Postman,(1994),7.7,"Biography, Comedy, Drama",108 min,"35,822"
845,Amarcord,(1973),7.9,"Comedy, Drama",123 min,"42,696"
846,The Wages of Fear,(1953),8.1,"Adventure, Drama, Thriller",131 min,"59,478"
847,Kagemusha,(1980),8.0,"Drama, History, War",162 min,"35,005"
848,The Message,(1976),8.2,"Biography, Drama, History",177 min,"46,520"
849,Gilda,(1946),7.6,"Drama, Film-Noir, Romance",110 min,"31,601"
850,Shadow of a Doubt,(1943),7.8,"Film-Noir, Thriller",108 min,"64,004"
851,Sunrise,(1927),8.1,"Drama, Romance",94 min,"50,312"
852,The Broken Circle Breakdown,(2012),7.7,"Drama, Music, Romance",111 min,"40,810"
853,The Bride of Frankenstein,(1935),7.8,"Drama, Horror, Sci-Fi",75 min,"47,114"
854,Nostalghia,(1983),8.1,Drama,125 min,"26,200"
855,A Wednesday,(2008),8.1,"Action, Crime, Drama",104 min,"77,388"
856,Les yeux sans visage,(1960),7.7,"Drama, Horror",90 min,"30,659"
857,A Man for All Seasons,(1966),7.7,"Biography, Drama, History",120 min,"33,913"
858,Three Colors: White,(1994),7.6,"Comedy, Drama, Romance",92 min,"71,399"
859,The Caine Mutiny,(1954),7.7,"Drama, War",124 min,"27,181"
860,The Taking of Pelham One Two Three,(1974),7.7,"Action, Crime, Thriller",104 min,"29,862"
861,The Experiment,(2001),7.7,"Drama, Thriller",120 min,"93,127"
862,Dersu Uzala,(1975),8.3,"Adventure, Biography, Drama",142 min,"27,412"
863,Hera Pheri,(2000),8.2,"Action, Comedy, Crime",156 min,"64,156"
864,Hiroshima Mon Amour,(1959),7.9,"Drama, Romance",90 min,"31,064"
865,The Passion of Joan of Arc,(1928),8.1,"Biography, Drama, History",114 min,"52,861"
866,Kal Ho Naa Ho,(2003),7.9,"Comedy, Drama, Musical",186 min,"67,431"
867,Departures,(2008),8.1,"Drama, Music",130 min,"51,319"
868,In America,(2002),7.7,Drama,105 min,"42,774"
869,Badla,(2019),7.8,"Crime, Drama, Mystery",118 min,"26,674"
870,Asuran,(2019),8.6,"Action, Drama",141 min,"25,299"
871,Tokyo Godfathers,(2003),7.8,"Animation, Adventure, Comedy",92 min,"37,938"
872,The Bandit,(1996),8.2,"Crime, Drama, Thriller",128 min,"69,255"
873,Down by Law,(1986),7.7,"Comedy, Crime, Drama",107 min,"50,732"
874,The Lunchbox,(2013),7.8,"Drama, Romance",104 min,"54,640"
875,Vikram Vedha,(2017),8.3,"Action, Crime, Drama",147 min,"36,087"
876,Crimes and Misdemeanors,(1989),7.9,"Comedy, Drama",104 min,"57,264"
877,Drishyam,(2013),8.3,"Crime, Drama, Thriller",160 min,"39,820"
878,Kind Hearts and Coronets,(1949),8.0,"Comedy, Crime",106 min,"36,691"
879,Sweet Smell of Success,(1957),8.0,"Drama, Film-Noir",96 min,"30,917"
880,Super 30,(2019),8.0,"Biography, Drama",154 min,"28,799"
881,Confessions,(2010),7.7,"Drama, Thriller",106 min,"38,225"
882,Loveless,(2017),7.6,Drama,127 min,"32,418"
883,Dara of Jasenovac,(2020),8.7,"Drama, War",130 min,"80,407"
884,Miracle on 34th Street,(1947),7.9,"Comedy, Drama, Family",96 min,"47,133"
885,Harvey,(1950),7.9,"Comedy, Drama, Fantasy",104 min,"54,800"
886,Au Revoir les Enfants,(1987),8.0,"Drama, War",104 min,"33,237"
887,Lagaan: Once Upon a Time in India,(2001),8.1,"Drama, Musical, Sport",224 min,"111,089"
888,Sleuth,(1972),8.0,"Mystery, Thriller",138 min,"47,083"
889,The Girl Who Leapt Through Time,(2006),7.7,"Animation, Adventure, Comedy",98 min,"64,538"
890,The Hidden Fortress,(1958),8.1,"Action, Adventure, Drama",126 min,"38,105"
891,My Sassy Girl,(2001),8.0,"Comedy, Drama, Romance",137 min,"47,502"
892,The Secret of Kells,(2009),7.6,"Animation, Adventure, Family",75 min,"34,654"
893,Celda 211,(2009),7.6,"Action, Crime, Drama",113 min,"66,714"
894,Lifeboat,(1944),7.6,"Drama, War",97 min,"28,469"
895,Only Yesterday,(1991),7.6,"Animation, Drama, Romance",118 min,"30,789"
896,Ace in the Hole,(1951),8.1,"Drama, Film-Noir",111 min,"34,925"
897,Article 15,(2019),8.2,"Crime, Drama, Mystery",130 min,"29,469"
898,Frost/Nixon,(2008),7.7,"Biography, Drama, History",122 min,"106,901"
899,The Past,(2013),7.7,"Drama, Mystery",130 min,"48,211"
900,Battleship Potemkin,(1925),8.0,"Drama, History, Thriller",66 min,"56,604"
901,The Gold Rush,(1925),8.2,"Adventure, Comedy, Drama",95 min,"108,758"
902,Nobody Knows,(2004),8.1,Drama,141 min,"27,129"
903,Vampire Hunter D: Bloodlust,(2000),7.7,"Animation, Action, Drama",103 min,"31,224"
904,The Odd Couple,(1968),7.7,Comedy,105 min,"34,244"
905,The Big Heat,(1953),7.9,"Crime, Film-Noir, Thriller",89 min,"26,165"
906,My Father and My Son,(2005),8.2,"Drama, Family",112 min,"84,852"
907,La Strada,(1954),8.0,Drama,108 min,"61,935"
908,"Black Cat, White Cat",(1998),8.1,"Comedy, Crime, Romance",127 min,"53,094"
909,Vivre Sa Vie,(1962),8.0,Drama,85 min,"30,843"
910,The Chorus,(2004),7.9,"Comedy, Drama, Music",97 min,"60,776"
911,Queen,(2013),8.2,"Adventure, Comedy, Drama",146 min,"64,559"
912,After the Wedding,(2006),7.7,Drama,120 min,"34,151"
913,Joint Security Area,(2000),7.8,"Action, Drama, Thriller",110 min,"29,205"
914,Swades,(2004),8.2,"Drama, Musical",189 min,"88,473"
915,Dreams,(1990),7.8,"Drama, Fantasy",119 min,"25,860"
916,The Shop Around the Corner,(1940),8.1,"Comedy, Drama, Romance",99 min,"32,109"
917,Dilwale Dulhania Le Jayenge,(1995),8.1,"Drama, Romance",181 min,"67,634"
918,"4 Months, 3 Weeks and 2 Days",(2007),7.9,Drama,113 min,"59,259"
919,The Killer,(1989),7.8,"Action, Crime, Drama",111 min,"47,712"
920,The Exterminating Angel,(1962),8.1,"Drama, Fantasy",95 min,"32,473"
921,The Magdalene Sisters,(2002),7.7,Drama,114 min,"26,983"
922,OMG: Oh My God!,(2012),8.1,"Comedy, Drama, Fantasy",125 min,"56,648"
923,A Night at the Opera,(1935),7.9,"Comedy, Music, Musical",96 min,"32,426"
924,Ivan's Childhood,(1962),8.1,"Drama, War",95 min,"35,335"
925,Once Upon a Time in Anatolia,(2011),7.9,"Crime, Drama",157 min,"45,478"
926,Raise the Red Lantern,(1991),8.1,"Drama, History, Romance",125 min,"31,892"
927,G.O.R.A.,(2004),8.1,"Adventure, Comedy, Sci-Fi",127 min,"61,216"
928,The Lost Weekend,(1945),7.9,"Drama, Film-Noir",101 min,"36,086"
929,The Return,(2003),8.0,Drama,110 min,"44,913"
930,The Purple Rose of Cairo,(1985),7.7,"Comedy, Fantasy, Romance",82 min,"50,804"
931,Sherlock Jr.,(1924),8.2,"Action, Comedy, Romance",45 min,"47,726"
932,Masaan,(2015),8.2,Drama,109 min,"27,050"
933,Duck Soup,(1933),7.8,"Comedy, Musical",69 min,"59,408"
934,Joyeux Noel,(2005),7.7,"Drama, History, Music",116 min,"29,511"
935,No Man's Land,(I) (2001),7.9,"Comedy, Drama, War",98 min,"46,555"
936,La Grande Illusion,(1937),8.1,"Drama, War",113 min,"35,960"
937,Kahaani,(2012),8.1,"Mystery, Thriller",122 min,"61,763"
938,Dil Chahta Hai,(2001),8.1,"Comedy, Drama, Romance",183 min,"70,720"
939,The Virgin Spring,(1960),8.1,Drama,89 min,"28,618"
940,Rififi,(1955),8.1,"Crime, Drama, Thriller",118 min,"33,391"
941,Rang De Basanti,(2006),8.1,"Comedy, Crime, Drama",167 min,"117,675"
942,Chhichhore,(2019),8.3,"Comedy, Drama, Romance",143 min,"47,897"
943,The Rules of the Game,(1939),8.0,"Comedy, Drama",110 min,"28,469"
944,In a Better World,(2010),7.6,"Drama, Romance",118 min,"39,802"
945,Beauty and the Beast,(1946),7.9,"Drama, Fantasy, Romance",93 min,"26,024"
946,Haider,(2014),8.1,"Action, Crime, Drama",160 min,"53,068"
947,White Heat,(1949),8.1,"Action, Crime, Drama",114 min,"32,138"
948,Rockstar,(2011),7.7,"Drama, Music, Romance",159 min,"43,136"
949,Nine Queens,(2000),7.9,"Crime, Drama, Thriller",114 min,"52,091"
950,Dev.D,(2009),8.0,"Comedy, Drama, Romance",144 min,"30,241"
951,Veer-Zaara,(2004),7.8,"Drama, Family, Musical",192 min,"51,830"
952,Jean de Florette,(1986),8.0,"Comedy, Drama",120 min,"25,391"
953,Fireworks,(1997),7.7,"Crime, Drama, Romance",103 min,"29,977"
954,Pink,(III) (2016),8.1,"Crime, Drama, Thriller",136 min,"43,674"
955,Love and Death,(1975),7.7,"Comedy, War",85 min,"37,985"
956,Barfi!,(2012),8.1,"Comedy, Drama, Romance",151 min,"80,099"
957,Millennium Actress,(2001),7.9,"Animation, Drama, Fantasy",87 min,"26,732"
958,Time of the Gypsies,(1988),8.1,"Comedy, Crime, Drama",142 min,"30,153"
959,Black,(2005),8.2,Drama,122 min,"34,564"
960,Talvar,(2015),8.2,"Crime, Drama, Mystery",132 min,"34,251"
961,"Rome, Open City",(1945),8.1,"Drama, Thriller, War",103 min,"25,796"
962,Hindi Medium,(2017),7.9,"Comedy, Drama",132 min,"27,299"
963,Lupin III: The Castle of Cagliostro,(1979),7.6,"Animation, Action, Adventure",102 min,"29,867"
964,Elite Squad 2: The Enemy Within,(2010),8.0,"Action, Crime, Drama",115 min,"82,073"
965,Tae Guk Gi: The Brotherhood of War,(2004),8.0,"Action, Drama, War",140 min,"39,312"
966,Tangerines,(2013),8.2,"Drama, War",87 min,"45,228"
967,Udaan,(2010),8.2,Drama,134 min,"44,457"
968,C.R.A.Z.Y.,(2005),7.9,"Comedy, Drama",129 min,"32,588"
969,Le Dîner de Cons,(1998),7.7,Comedy,80 min,"40,822"
970,Sullivan's Travels,(1941),7.9,"Adventure, Comedy, Drama",90 min,"25,866"
971,Vera Drake,(2004),7.6,"Crime, Drama",125 min,"25,206"
972,The Muppet Christmas Carol,(1992),7.7,"Comedy, Drama, Family",85 min,"57,174"
973,Sholay,(1975),8.2,"Action, Adventure, Comedy",162 min,"54,576"
974,Central Station,(1998),8.0,Drama,110 min,"38,904"
975,Sanjuro,(1962),8.1,"Action, Drama, Thriller",96 min,"37,385"
976,Knockin' on Heaven's Door,(1997),7.9,"Action, Crime, Comedy",87 min,"29,664"
977,Vicky Donor,(2012),7.8,"Comedy, Romance",126 min,"42,388"
978,Baby,(I) (2015),8.0,"Action, Crime, Thriller",159 min,"56,463"
979,Udta Punjab,(2016),7.8,"Action, Crime, Drama",148 min,"29,585"
980,English Vinglish,(2012),7.8,"Comedy, Drama, Family",134 min,"35,605"
981,Special 26,(2013),8.0,"Crime, Drama, Thriller",144 min,"54,932"
982,Raazi,(2018),7.8,"Action, Drama, Thriller",138 min,"29,188"
983,Zelig,(1983),7.7,Comedy,79 min,"41,636"
984,Jab We Met,(2007),7.9,"Comedy, Drama, Romance",138 min,"51,408"
985,Airlift,(2016),8.0,"Drama, History",130 min,"55,969"
986,The Edge of Heaven,(2007),7.8,Drama,122 min,"31,833"
987,The Circus,(1928),8.1,"Comedy, Family, Romance",72 min,"33,007"
988,Munna Bhai M.B.B.S.,(2003),8.1,"Comedy, Drama",156 min,"79,431"
989,M.S. Dhoni: The Untold Story,(2016),8.0,"Biography, Drama, Sport",184 min,"51,271"
990,Paan Singh Tomar,(2012),8.2,"Action, Biography, Crime",135 min,"35,588"
991,Chak De! India,(2007),8.2,"Drama, Family, Sport",153 min,"78,550"
992,Bhaag Milkha Bhaag,(2013),8.2,"Biography, Drama, Sport",186 min,"66,079"
993,"Carry On, Munna Bhai",(2006),8.1,"Comedy, Drama, Romance",144 min,"46,033"
994,Kai Po Che,(2013),7.8,"Drama, Sport",120 min,"36,121"
995,Nefes: Vatan Sagolsun,(2009),8.0,"Action, Drama, Thriller",128 min,"33,254"
996,Andaz Apna Apna,(1994),8.1,"Action, Comedy, Romance",160 min,"52,499"
997,Vizontele,(2001),8.0,"Comedy, Drama",110 min,"35,996"
998,Sarfarosh,(1999),8.1,"Action, Drama, Thriller",174 min,"25,253"
999,Anand,(1971),8.2,"Drama, Musical",122 min,"33,285"
